MONTH,T10Y2Y,HOUST,IPMAN,PCE,UNRATE,CPIAUCSL,USRECM
6/1/1976,0.801363636,1495,39.6582,1140.5,7.6,56.7,0
7/1/1976,0.937272727,1401,39.9249,1149.6,7.8,57,0
8/1/1976,1.137272727,1550,40.1817,1158,7.8,57.3,0
9/1/1976,1.124545455,1720,40.2817,1168.8,7.6,57.6,0
10/1/1976,1.359047619,1629,40.2219,1176.8,7.7,57.9,0
11/1/1976,1.279090909,1641,40.766,1189,7.8,58.1,0
12/1/1976,1.427391304,1804,41.2083,1211.5,7.8,58.4,0
1/1/1977,1.313809524,1527,41.0659,1215,7.5,58.7,0
2/1/1977,1.2375,1943,41.8335,1231.3,7.6,59.3,0
3/1/1977,1.373478261,2063,42.444,1238.3,7.4,59.6,0
4/1/1977,1.34,1892,42.8761,1247.3,7.2,60,0
5/1/1977,1.147272727,1971,43.2292,1257.1,7,60.2,0
6/1/1977,1.148181818,1893,43.6118,1263.6,7.2,60.5,0
7/1/1977,0.954761905,2058,43.6132,1280.5,6.9,60.8,0
8/1/1977,0.785217391,2020,43.8519,1285.7,7,61.1,0
9/1/1977,0.600909091,1949,43.856,1294.5,6.8,61.3,0
10/1/1977,0.397619048,2042,43.9496,1311.4,6.8,61.6,0
11/1/1977,0.375454545,2042,44.0722,1327,6.8,62,0
12/1/1977,0.485454545,2142,44.5519,1336,6.4,62.3,0
1/1/1978,0.449090909,1718,43.8768,1329.5,6.4,62.7,0
2/1/1978,0.4215,1738,44.035,1355.1,6.3,63,0
3/1/1978,0.440869565,2032,44.8221,1377.5,6.3,63.4,0
4/1/1978,0.4105,2197,45.5167,1396.4,6.1,63.9,0
5/1/1978,0.31,2075,45.7574,1412,6,64.5,0
6/1/1978,0.222727273,2070,46.0971,1425.8,5.9,65,0
7/1/1978,0.143333333,2092,46.0535,1426.8,6.2,65.5,0
8/1/1978,0.044347826,1996,46.3195,1447,5.9,65.9,0
9/1/1978,-0.141904762,1970,46.5614,1452.9,6,66.5,0
10/1/1978,-0.201818182,1981,46.8915,1466.9,5.8,67.1,0
11/1/1978,-0.563181818,2094,47.3334,1480.6,5.9,67.5,0
12/1/1978,-0.675238095,2044,47.6714,1496.5,6,67.9,0
1/1/1979,-0.727391304,1630,47.3248,1502.4,5.9,68.5,0
2/1/1979,-0.5565,1520,47.4654,1517.8,5.9,69.2,0
3/1/1979,-0.672272727,1847,47.6943,1531.2,5.8,69.9,0
4/1/1979,-0.568095238,1748,46.8944,1538.4,5.8,70.6,0
5/1/1979,-0.485217391,1876,47.5489,1558.8,5.6,71.4,0
6/1/1979,-0.306666667,1913,47.5999,1575.7,5.7,72.2,0
7/1/1979,-0.179090909,1760,47.6303,1586.1,5.7,73,0
8/1/1979,-0.429130435,1778,47.0076,1615.6,6,73.7,0
9/1/1979,-0.6855,1832,47.064,1633.9,5.9,74.4,0
10/1/1979,-1.138695652,1681,47.3149,1641.6,6,75.2,0
11/1/1979,-0.997727273,1524,47.1364,1657.3,5.9,76,0
12/1/1979,-0.956666667,1498,47.287,1666.3,6,76.9,0
1/1/1980,-0.665652174,1341,47.525,1697.3,6.3,78,1
2/1/1980,-0.908095238,1350,47.4562,1701.4,6.3,79,1
3/1/1980,-2.135714286,1047,47.0636,1708.2,6.3,80.1,1
4/1/1980,-0.981818182,1051,46.0841,1695.2,6.9,80.9,1
5/1/1980,0.698181818,927,44.6476,1700.1,7.5,81.7,1
6/1/1980,1.05,1196,43.9261,1718.8,7.6,82.5,1
7/1/1980,1.165217391,1269,43.4275,1747.1,7.8,82.6,1
8/1/1980,0.574285714,1436,43.7442,1763.8,7.7,83.2,0
9/1/1980,-0.063181818,1471,44.5102,1780.5,7.5,83.9,0
10/1/1980,-0.322173913,1523,45.3538,1817.1,7.5,84.7,0
11/1/1980,-0.705,1510,46.169,1826.8,7.5,85.6,0
12/1/1980,-1.179130435,1482,46.3542,1851.7,7.2,86.4,0
1/1/1981,-0.662272727,1547,46.1677,1870,7.5,87.2,0
2/1/1981,-0.652,1246,45.9388,1884.2,7.4,88,0
3/1/1981,-0.452727273,1306,46.0845,1902.9,7.4,88.6,0
4/1/1981,-0.450454545,1360,46.3287,1904.4,7.2,89.1,0
5/1/1981,-1.292857143,1140,46.5377,1913.8,7.5,89.7,0
6/1/1981,-1.033636364,1045,46.3194,1934.5,7.5,90.5,0
7/1/1981,-1.026521739,1041,46.4129,1942.1,7.2,91.5,1
8/1/1981,-1.347619048,940,46.3933,1966.6,7.4,92.2,1
9/1/1981,-1.082272727,911,46.2051,1965.5,7.6,93.1,1
10/1/1981,-0.376818182,873,45.7267,1963.9,7.9,93.4,1
11/1/1981,0.438095238,837,45.124,1970.6,8.3,93.8,1
12/1/1981,0.415217391,910,44.3391,1988.8,8.5,94.1,1
1/1/1982,0.024761905,843,43.2401,1997.1,8.6,94.4,1
2/1/1982,-0.358,866,44.4813,2021.2,8.9,94.7,1
3/1/1982,-0.333043478,931,44.1416,2024.1,9,94.7,1
4/1/1982,-0.315454545,917,43.8204,2026.3,9.3,95,1
5/1/1982,-0.147142857,1025,43.7193,2044.5,9.4,95.9,1
6/1/1982,-0.165909091,902,43.6909,2048.1,9.6,97,1
7/1/1982,0.142272727,1166,43.6249,2072.2,9.8,97.5,1
8/1/1982,0.731363636,1046,43.2104,2080.1,9.8,97.7,1
9/1/1982,0.530454545,1144,43.1285,2104.6,10.1,97.7,1
10/1/1982,0.684761905,1173,42.5704,2125.8,10.4,98.1,1
11/1/1982,0.651818182,1372,42.3097,2149.3,10.8,98,1
12/1/1982,0.839565217,1303,42.1691,2161.6,10.8,97.7,0
1/1/1983,1.12952381,1586,43.1658,2174,10.4,97.9,0
2/1/1983,1.034,1699,43.1574,2177,10.4,98,0
3/1/1983,0.850434783,1606,43.5744,2202.8,10.3,98.1,0
4/1/1983,0.792380952,1472,44.1008,2226.4,10.2,98.8,0
5/1/1983,0.850454545,1776,44.6504,2245.9,10.1,99.2,0
6/1/1983,0.666818182,1733,45.0187,2276,10.1,99.4,0
7/1/1983,0.659047619,1785,45.6932,2304.4,9.4,99.8,0
8/1/1983,0.775652174,1910,46.0875,2320.4,9.5,100.1,0
9/1/1983,0.824545455,1710,46.9684,2334.9,9.2,100.4,0
10/1/1983,0.923809524,1715,47.4583,2357.6,8.8,100.8,0
11/1/1983,0.885909091,1785,47.7005,2366.3,8.5,101.1,0
12/1/1983,0.947727273,1688,47.8494,2393.6,8.3,101.4,0
1/1/1984,0.985,1897,48.7326,2419.4,8,102.1,0
2/1/1984,0.956190476,2260,49.2659,2403.5,7.8,102.6,0
3/1/1984,1.004545455,1663,49.4814,2431.6,7.8,102.9,0
4/1/1984,0.902380952,1851,49.728,2457.5,7.7,103.3,0
5/1/1984,0.897826087,1774,49.8811,2474.5,7.4,103.5,0
6/1/1984,0.656190476,1843,50.1051,2495.6,7.2,103.7,0
7/1/1984,0.462727273,1732,50.3185,2494.6,7.5,104.1,0
8/1/1984,0.28173913,1586,50.411,2512.2,7.5,104.4,0
9/1/1984,0.302,1698,50.2189,2533.8,7.3,104.7,0
10/1/1984,0.536086957,1590,50.4879,2531.3,7.4,105.1,0
11/1/1984,0.797727273,1689,50.6238,2571.4,7.2,105.3,0
12/1/1984,1.255238095,1612,50.7656,2582.6,7.3,105.5,0
1/1/1985,1.326956522,1711,50.628,2618.8,7.3,105.7,0
2/1/1985,1.209,1632,50.4069,2640.8,7.2,106.3,0
3/1/1985,1.142380952,1800,50.79,2648.5,7.2,106.8,0
4/1/1985,1.284545455,1821,50.6097,2659.5,7.3,107,0
5/1/1985,1.389565217,1680,50.7245,2696.4,7.2,107.2,0
6/1/1985,1.468,1676,50.7372,2689.4,7.4,107.5,0
7/1/1985,1.466956522,1684,50.5184,2715.7,7.4,107.7,0
8/1/1985,1.388181818,1743,50.7752,2752.1,7.1,107.9,0
9/1/1985,1.257619048,1676,50.8264,2794.7,7.1,108.1,0
10/1/1985,1.312608696,1834,50.7344,2755.8,7.1,108.5,0
11/1/1985,1.086190476,1698,51.0852,2771.1,7,109,0
12/1/1985,1.061818182,1942,51.2667,2811.3,7,109.5,0
1/1/1986,0.96,1972,51.8829,2827.1,6.7,109.9,0
2/1/1986,0.7,1848,51.6139,2820.2,7.2,109.7,0
3/1/1986,0.537142857,1876,51.4254,2823.6,7.2,109.1,0
4/1/1986,0.604090909,1933,51.5592,2835.2,7.1,108.7,0
5/1/1986,0.613181818,1854,51.6179,2857.5,7.2,109,0
6/1/1986,0.614761905,1847,51.4214,2861.7,7.2,109.4,0
7/1/1986,0.609130435,1782,51.7014,2881.2,7,109.5,0
8/1/1986,0.83952381,1807,51.8462,2898.6,6.9,109.6,0
9/1/1986,1.051363636,1687,51.988,2971.8,7,110,0
10/1/1986,1.097391304,1681,52.1872,2932.9,7,110.2,0
11/1/1986,0.8765,1623,52.3749,2928.4,6.9,110.4,0
12/1/1986,0.804347826,1833,52.9033,2997.1,6.6,110.8,0
1/1/1987,0.780454545,1774,52.7079,2935.5,6.6,111.4,0
2/1/1987,0.81,1784,53.498,3001.7,6.6,111.8,0
3/1/1987,0.824090909,1726,53.5104,3013.3,6.6,112.2,0
4/1/1987,0.953181818,1614,53.835,3038.8,6.3,112.7,0
5/1/1987,0.810952381,1628,54.2143,3048.4,6.3,113,0
6/1/1987,0.829090909,1594,54.425,3072.8,6.2,113.5,0
7/1/1987,0.960869565,1575,54.8501,3094.7,6.1,113.8,0
8/1/1987,1.007619048,1605,55.1422,3130.8,6,114.3,0
9/1/1987,1.029090909,1695,55.5373,3126.5,5.9,114.7,0
10/1/1987,1.071363636,1515,56.4022,3134.5,6,115,0
11/1/1987,1.056666667,1656,56.6955,3144.2,5.8,115.4,0
12/1/1987,1.080869565,1400,57.1049,3174.1,5.7,115.6,0
1/1/1988,0.937142857,1271,56.9621,3213.7,5.7,116,0
2/1/1988,0.982380952,1473,57.1656,3221.4,5.7,116.2,0
3/1/1988,1.103043478,1532,57.3371,3260.5,5.7,116.5,0
4/1/1988,1.075238095,1573,57.8668,3263,5.4,117.2,0
5/1/1988,1.043636364,1421,57.7443,3293.6,5.6,117.5,0
6/1/1988,0.895454545,1478,57.8754,3318.5,5.4,118,0
7/1/1988,0.74,1467,57.855,3342.7,5.4,118.5,0
8/1/1988,0.63173913,1493,57.9536,3368,5.6,119,0
9/1/1988,0.490454545,1492,58.1355,3375,5.4,119.5,0
10/1/1988,0.42047619,1522,58.3721,3413.7,5.4,119.9,0
11/1/1988,0.269545455,1569,58.6076,3430.2,5.3,120.3,0
12/1/1988,0.016363636,1563,58.8712,3459.7,5.3,120.7,0
1/1/1989,-0.076363636,1621,59.3831,3483.7,5.4,121.2,0
2/1/1989,-0.1925,1425,58.7775,3488,5.2,121.6,0
3/1/1989,-0.307826087,1422,58.7114,3498.8,5,122.2,0
4/1/1989,-0.276,1339,58.8113,3543,5.2,123.1,0
5/1/1989,-0.15173913,1331,58.3342,3551.8,5.2,123.7,0
6/1/1989,-0.129090909,1397,58.4416,3566.6,5.3,124.1,0
7/1/1989,0.18952381,1427,57.729,3585.7,5.2,124.5,0
8/1/1989,-0.032173913,1332,58.3168,3620.6,5.2,124.5,0
9/1/1989,-0.08952381,1279,58.1873,3621.9,5.3,124.8,0
10/1/1989,0.027272727,1410,58.0429,3633.6,5.3,125.4,0
11/1/1989,0.075,1351,58.1648,3643.3,5.4,125.9,0
12/1/1989,0.056190476,1251,58.1965,3684.2,5.4,126.3,0
1/1/1990,0.110869565,1551,58.1316,3730.7,5.4,127.5,0
2/1/1990,0.0975,1437,58.9459,3728.2,5.3,128,0
3/1/1990,-0.038181818,1289,59.2653,3754.9,5.2,128.6,0
4/1/1990,0.058571429,1248,59.0462,3770,5.4,128.9,0
5/1/1990,0.110869565,1212,59.2181,3775.8,5.4,129.1,0
6/1/1990,0.129047619,1177,59.4096,3804.5,5.2,129.9,0
7/1/1990,0.3,1171,59.2716,3821.7,5.5,130.5,1
8/1/1990,0.691304348,1115,59.5008,3848.3,5.7,131.6,1
9/1/1990,0.773,1110,59.4235,3870.1,5.9,132.5,1
10/1/1990,0.805217391,1014,59.0289,3870.6,5.9,133.4,1
11/1/1990,0.721363636,1145,58.3223,3871.9,6.2,133.7,1
12/1/1990,0.724761905,969,57.8404,3861.3,6.3,134.2,1
1/1/1991,0.883478261,798,57.4718,3841,6.4,134.7,1
2/1/1991,0.9385,965,57.051,3866.7,6.6,134.8,1
3/1/1991,0.959047619,921,56.6604,3913,6.8,134.8,1
4/1/1991,1.090909091,1001,56.9087,3907.1,6.7,135.1,0
5/1/1991,1.22826087,996,57.3182,3933.2,6.9,135.6,0
6/1/1991,1.328,1036,57.8765,3940.5,6.9,136,0
7/1/1991,1.296086957,1063,58.199,3966,6.8,136.2,0
8/1/1991,1.466818182,1049,58.2471,3969.1,6.9,136.6,0
9/1/1991,1.398571429,1015,58.8866,3984.7,6.9,137,0
10/1/1991,1.544782609,1079,58.8168,3976,7,137.2,0
11/1/1991,1.681428571,1103,58.7078,4003.6,7,137.8,0
12/1/1991,1.969090909,1079,58.5804,4020.5,7.3,138.2,0
1/1/1992,1.893913043,1176,58.2734,4084.7,7.3,138.3,0
2/1/1992,2.0195,1250,58.8296,4099.5,7.4,138.6,0
3/1/1992,1.857272727,1297,59.4442,4117,7.4,139.1,0
4/1/1992,2.039090909,1099,59.7834,4131.5,7.4,139.4,0
5/1/1992,2.063333333,1214,60.1338,4158.4,7.6,139.7,0
6/1/1992,2.213636364,1145,60.3312,4177.1,7.8,140.1,0
7/1/1992,2.380869565,1139,60.8948,4204.8,7.7,140.5,0
8/1/1992,2.392857143,1226,60.6092,4220.9,7.6,140.8,0
9/1/1992,2.406363636,1186,60.7115,4255.3,7.6,141.1,0
10/1/1992,2.392272727,1244,61.0911,4284.7,7.3,141.7,0
11/1/1992,2.075238095,1214,61.3501,4300.5,7.4,142.1,0
12/1/1992,2.005217391,1227,61.3004,4336.4,7.4,142.3,0
1/1/1993,1.99952381,1210,61.8712,4340.7,7.3,142.8,0
2/1/1993,2.0525,1210,62.0286,4355.3,7.1,143.1,0
3/1/1993,2.025652174,1083,61.9013,4352.5,7,143.3,0
4/1/1993,2.035,1258,62.2209,4393.4,7.1,143.8,0
5/1/1993,1.96047619,1260,62.1457,4422.4,7.1,144.2,0
6/1/1993,1.799090909,1280,62.0525,4440,7,144.3,0
7/1/1993,1.654545455,1254,62.2034,4468.9,6.9,144.5,0
8/1/1993,1.676363636,1300,62.121,4481.1,6.8,144.8,0
9/1/1993,1.444090909,1343,62.5778,4511.5,6.7,145,0
10/1/1993,1.39,1392,63.1204,4532.8,6.8,145.6,0
11/1/1993,1.425909091,1376,63.4249,4554.1,6.6,146,0
12/1/1993,1.493913043,1533,63.836,4571.1,6.5,146.3,0
1/1/1994,1.533809524,1272,63.909,4585.1,6.6,146.3,0
2/1/1994,1.424,1337,64.0264,4632.6,6.6,146.7,0
3/1/1994,1.487391304,1564,64.8792,4646,6.5,147.1,0
4/1/1994,1.287142857,1465,65.4726,4671.1,6.4,147.2,0
5/1/1994,1.16,1526,65.9064,4669.5,6.1,147.5,0
6/1/1994,1.17,1409,66.1347,4708.9,6.1,147.9,0
7/1/1994,1.112380952,1439,66.4222,4720.6,6.1,148.4,0
8/1/1994,1.058695652,1450,66.972,4762.6,6,149,0
9/1/1994,1.016363636,1474,67.234,4775,5.9,149.3,0
10/1/1994,0.967142857,1450,67.9129,4812.9,5.8,149.4,0
11/1/1994,0.733181818,1511,68.4827,4825.6,5.6,149.8,0
12/1/1994,0.214090909,1455,69.2326,4841.6,5.5,150.1,0
1/1/1995,0.247727273,1407,69.3663,4851.2,5.6,150.5,0
2/1/1995,0.34,1316,69.1782,4850.8,5.4,150.9,0
3/1/1995,0.429130435,1249,69.3739,4885.4,5.4,151.2,0
4/1/1995,0.47,1267,69.1909,4890.2,5.8,151.8,0
5/1/1995,0.44173913,1314,69.4237,4933.1,5.6,152.1,0
6/1/1995,0.452272727,1281,69.7509,4977.5,5.6,152.4,0
7/1/1995,0.474285714,1461,69.2837,4970.2,5.7,152.6,0
8/1/1995,0.507391304,1416,70.1304,5005.3,5.7,152.9,0
9/1/1995,0.372857143,1369,70.778,5020.5,5.6,153.1,0
10/1/1995,0.331818182,1369,70.7317,5013.9,5.5,153.5,0
11/1/1995,0.430909091,1452,70.8042,5055.6,5.6,153.7,0
12/1/1995,0.368571429,1431,71.0979,5097.5,5.6,153.9,0
1/1/1996,0.493043478,1467,70.6446,5085.7,5.6,154.7,0
2/1/1996,0.742857143,1491,71.6817,5132.8,5.5,155,0
3/1/1996,0.607619048,1424,71.4954,5173.3,5.5,155.5,0
4/1/1996,0.554090909,1516,72.3957,5208,5.6,156.1,0
5/1/1996,0.613913043,1504,72.9831,5223.8,5.6,156.4,0
6/1/1996,0.615,1467,73.7082,5229.8,5.3,156.7,0
7/1/1996,0.569565217,1472,74.0426,5251.9,5.5,157,0
8/1/1996,0.606363636,1557,74.3512,5275,5.1,157.2,0
9/1/1996,0.56952381,1475,74.9851,5296.6,5.2,157.7,0
10/1/1996,0.593913043,1392,74.8816,5328.5,5.2,158.2,0
11/1/1996,0.454285714,1489,75.5364,5351.2,5.4,158.7,0
12/1/1996,0.496818182,1370,76.1658,5378.6,5.4,159.1,0
1/1/1997,0.521304348,1355,76.2562,5411.1,5.3,159.4,0
2/1/1997,0.495,1486,77.3018,5434,5.2,159.7,0
3/1/1997,0.45,1457,78.0775,5454.2,5.2,159.8,0
4/1/1997,0.437272727,1492,77.9733,5459.3,5.1,159.9,0
5/1/1997,0.414545455,1442,78.5324,5460.2,4.9,159.9,0
6/1/1997,0.399047619,1494,79.0198,5494.2,5,160.2,0
7/1/1997,0.315217391,1437,79.6013,5548.8,4.9,160.4,0
8/1/1997,0.35952381,1390,80.6079,5587,4.8,160.8,0
9/1/1997,0.311818182,1546,81.3332,5601.7,4.9,161.2,0
10/1/1997,0.246521739,1520,82.057,5637.7,4.7,161.5,0
11/1/1997,0.146,1510,82.9165,5661.1,4.6,161.7,0
12/1/1997,0.089565217,1566,83.3892,5692.1,4.7,161.8,0
1/1/1998,0.170454545,1525,84.0855,5689.9,4.6,162,0
2/1/1998,0.149,1584,84.1859,5723.8,4.6,162,0
3/1/1998,0.085909091,1567,84.0064,5750.3,4.7,162,0
4/1/1998,0.07,1540,84.4022,5788.1,4.3,162.2,0
5/1/1998,0.056190476,1536,84.8416,5837.9,4.4,162.6,0
6/1/1998,-0.023636364,1641,84.1547,5871.7,4.5,162.8,0
7/1/1998,0.003043478,1698,83.7244,5890,4.5,163.2,0
8/1/1998,0.073333333,1614,85.8644,5925,4.5,163.4,0
9/1/1998,0.134090909,1582,85.8033,5965.6,4.6,163.5,0
10/1/1998,0.418181818,1715,86.5483,5998.8,4.5,163.9,0
11/1/1998,0.26,1660,86.6571,6015.4,4.4,164.1,0
12/1/1998,0.132608696,1792,87.1953,6070.5,4.4,164.4,0
1/1/1999,0.096666667,1748,87.4415,6073.9,4.3,164.7,0
2/1/1999,0.1165,1670,88.245,6099.2,4.4,164.7,0
3/1/1999,0.179565217,1710,88.2119,6133,4.2,164.8,0
4/1/1999,0.207727273,1553,88.5581,6199.5,4.3,165.9,0
5/1/1999,0.271428571,1611,89.2875,6232.1,4.2,166,0
6/1/1999,0.280909091,1559,89.0936,6260.3,4.3,166,0
7/1/1999,0.226363636,1669,89.5106,6287.6,4.3,166.7,0
8/1/1999,0.260909091,1648,89.9822,6331.9,4.2,167.1,0
9/1/1999,0.241818182,1635,89.5707,6386.5,4.2,167.8,0
10/1/1999,0.237619048,1608,90.9407,6411.4,4.1,168.1,0
11/1/1999,0.156363636,1648,91.547,6448.7,4.1,168.4,0
12/1/1999,0.163478261,1708,92.2076,6541,4,168.8,0
1/1/2000,0.21047619,1636,92.2764,6542.9,4,169.3,0
2/1/2000,-0.086666667,1737,92.5669,6625.3,4.1,170,0
3/1/2000,-0.27173913,1604,93.1949,6686.5,4,171,0
4/1/2000,-0.3925,1626,93.8051,6679.1,3.8,170.9,0
5/1/2000,-0.353043478,1575,93.8815,6709.7,4,171.2,0
6/1/2000,-0.384545455,1559,94.0159,6746.9,4,172.2,0
7/1/2000,-0.271428571,1463,94.093,6768.5,4,172.7,0
8/1/2000,-0.402608696,1541,93.4969,6802.8,4.1,172.7,0
9/1/2000,-0.269047619,1507,93.9426,6888.6,3.9,173.6,0
10/1/2000,-0.165909091,1549,93.6689,6893.8,3.9,173.9,0
11/1/2000,-0.150909091,1551,93.4114,6909.8,3.9,174.2,0
12/1/2000,-0.106190476,1532,92.8624,6952.2,3.9,174.6,0
1/1/2001,0.366086957,1600,92.4312,6987.4,4.2,175.6,0
2/1/2001,0.42,1625,91.898,7001.8,4.2,176,0
3/1/2001,0.543181818,1590,91.7163,6996.7,4.3,176.1,1
4/1/2001,0.863809524,1649,91.3506,7004.2,4.4,176.4,1
5/1/2001,1.082173913,1605,90.7504,7052.8,4.3,177.3,1
6/1/2001,1.204285714,1636,90.1484,7069.7,4.5,177.7,1
7/1/2001,1.143181818,1670,89.6332,7082.3,4.6,177.4,1
8/1/2001,1.213913043,1567,89.273,7121.7,4.9,177.4,1
9/1/2001,1.371,1562,88.9165,7007,5,178.1,1
10/1/2001,1.760869565,1540,88.5211,7212.9,5.3,177.6,1
11/1/2001,1.699090909,1602,88.2363,7182.3,5.5,177.5,1
12/1/2001,1.886190476,1568,88.4092,7166.7,5.7,177.4,0
1/1/2002,1.833043478,1698,89.0228,7184.6,5.7,177.7,0
2/1/2002,1.8015,1829,89.0486,7225.2,5.7,178,0
3/1/2002,1.644285714,1642,89.7615,7243.4,5.7,178.5,0
4/1/2002,1.788181818,1592,90.067,7312.5,5.9,179.3,0
5/1/2002,1.817826087,1764,90.5791,7288.9,5.8,179.5,0
6/1/2002,1.9335,1717,91.5003,7322.5,5.8,179.6,0
7/1/2002,2.005217391,1655,91.4028,7387.3,5.8,180,0
8/1/2002,2.123636364,1633,91.4704,7412.6,5.7,180.5,0
9/1/2002,1.776666667,1804,91.57,7391.5,5.7,180.8,0
10/1/2002,1.940869565,1648,91.2756,7435.2,5.7,181.2,0
11/1/2002,1.922857143,1753,91.7625,7463.8,5.9,181.5,0
12/1/2002,2.096363636,1788,91.1347,7519.9,6,181.8,0
1/1/2003,2.104782609,1853,91.9314,7541.3,5.8,182.6,0
2/1/2003,2.161,1629,91.8045,7548.6,5.9,183.6,0
3/1/2003,2.233333333,1726,91.8943,7611.5,5.9,183.9,0
4/1/2003,2.23,1643,91.2369,7634.5,6,183.2,0
5/1/2003,2.055909091,1751,91.2911,7650.3,6.1,182.9,0
6/1/2003,2.107142857,1867,91.7192,7699.6,6.3,183.1,0
7/1/2003,2.392608696,1897,92.0878,7757,6.2,183.7,0
8/1/2003,2.580952381,1833,91.709,7852.1,6.1,184.5,0
9/1/2003,2.451363636,1939,92.54,7853.7,6.1,185.1,0
10/1/2003,2.432173913,1967,92.6163,7867.4,6,184.9,0
11/1/2003,2.136,2083,93.4626,7922.6,5.8,185,0
12/1/2003,2.257826087,2057,93.4216,7950.4,5.7,185.5,0
1/1/2004,2.172272727,1911,93.3571,8007.1,5.7,186.3,0
2/1/2004,2.227,1846,94.042,8040.4,5.6,186.7,0
3/1/2004,2.248695652,1998,94.0007,8098.8,5.8,187.1,0
4/1/2004,2.173181818,2003,94.312,8107.2,5.6,187.4,0
5/1/2004,2.078095238,1981,94.9846,8176.5,5.6,188.2,0
6/1/2004,1.880909091,1828,94.2763,8157.6,5.6,188.9,0
7/1/2004,1.775,2002,95.0968,8236.9,5.5,189.1,0
8/1/2004,1.773181818,2024,95.5339,8271.6,5.4,189.2,0
9/1/2004,1.527727273,1905,95.61,8341.5,5.4,189.8,0
10/1/2004,1.44047619,2072,96.6134,8397.1,5.5,190.8,0
11/1/2004,1.22,1782,96.5954,8444.5,5.4,191.7,0
12/1/2004,1.166086957,2042,97.3759,8504.4,5.4,191.7,0
1/1/2005,0.951428571,2144,97.9992,8497.7,5.3,191.6,0
2/1/2005,0.7415,2207,98.9195,8559.1,5.4,192.4,0
3/1/2005,0.737391304,1864,98.4306,8598.4,5.2,193.1,0
4/1/2005,0.687142857,2061,98.8366,8678.4,5.2,193.7,0
5/1/2005,0.477727273,2025,99.1139,8671.6,5.1,193.6,0
6/1/2005,0.357727273,2068,99.3489,8753.4,5,193.7,0
7/1/2005,0.291904762,2054,99.0157,8853.8,5,194.9,0
8/1/2005,0.21826087,2095,99.5702,8850.1,4.9,196.1,0
9/1/2005,0.241363636,2151,98.4303,8900.4,5,198.8,0
10/1/2005,0.183333333,2065,99.9001,8938.5,5,199.1,0
11/1/2005,0.107727273,2147,100.8458,8946.2,5,198.1,0
12/1/2005,0.06,1994,100.9394,8981.1,4.9,198.1,0
1/1/2006,0.018636364,2273,101.7622,9071.6,4.7,199.3,0
2/1/2006,-0.0945,2119,101.4658,9096,4.8,199.4,0
3/1/2006,-0.01,1969,101.4176,9132.9,4.7,199.7,0
4/1/2006,0.0965,1821,101.7898,9191.6,4.7,200.7,0
5/1/2006,0.135652174,1942,101.5625,9231.8,4.6,201.3,0
6/1/2006,-0.015454545,1802,101.9031,9259.6,4.6,201.8,0
7/1/2006,-0.02952381,1737,101.6034,9343.8,4.7,202.9,0
8/1/2006,-0.026956522,1650,102.4112,9342.2,4.7,203.8,0
9/1/2006,-0.047619048,1720,102.4877,9375.4,4.5,202.8,0
10/1/2006,-0.063636364,1491,102.0098,9393.6,4.4,201.9,0
11/1/2006,-0.138636364,1570,102.1152,9400.2,4.5,202,0
12/1/2006,-0.103809524,1649,103.6789,9488.3,4.4,203.1,0
1/1/2007,-0.106521739,1409,103.2709,9538.7,4.6,203.437,0
2/1/2007,-0.12,1480,103.6517,9566,4.5,204.226,0
3/1/2007,-0.009090909,1495,104.5857,9611.7,4.4,205.288,0
4/1/2007,0.027619048,1490,105.2798,9643.6,4.5,205.904,0
5/1/2007,-0.019130435,1415,105.2647,9685.8,4.4,206.755,0
6/1/2007,0.122380952,1448,105.6801,9706.8,4.6,207.234,0
7/1/2007,0.176818182,1354,105.7557,9751.1,4.7,207.603,0
8/1/2007,0.36173913,1330,105.5295,9798.9,4.6,207.667,0
9/1/2007,0.4845,1183,105.8948,9845.1,4.7,208.547,0
10/1/2007,0.535652174,1264,105.7554,9882.7,4.7,209.19,0
11/1/2007,0.738181818,1197,106.3892,9955.9,4.7,210.834,0
12/1/2007,0.933809524,1037,106.4737,9972.8,5,211.445,1
1/1/2008,1.15826087,1084,106.2347,9996.4,5,212.174,1
2/1/2008,1.68047619,1103,105.4327,9981.7,4.9,212.687,1
3/1/2008,1.802857143,1005,104.9422,10035.3,5.1,213.448,1
4/1/2008,1.627727273,1013,103.8964,10070.3,5,213.942,1
5/1/2008,1.369090909,973,103.3681,10132.3,5.4,215.208,1
6/1/2008,1.325714286,1046,102.6801,10187.1,5.6,217.463,1
7/1/2008,1.372173913,923,101.5866,10185.1,5.8,219.016,1
8/1/2008,1.465238095,844,100.2909,10175.7,6.1,218.69,1
9/1/2008,1.536818182,820,96.7426,10116.4,6.1,218.877,1
10/1/2008,2.106086957,777,96.1906,10034.1,6.5,216.995,1
11/1/2008,2.0825,652,93.7687,9885.2,6.8,213.153,1
12/1/2008,1.526086957,560,90.5617,9801.5,7.3,211.398,1
1/1/2009,1.555,490,87.6202,9847.2,7.8,211.933,1
2/1/2009,1.8,582,87.6267,9824.5,8.3,212.705,1
3/1/2009,1.888181818,505,86.0842,9773.2,8.7,212.495,1
4/1/2009,1.909090909,478,85.5305,9772.5,9,212.709,1
5/1/2009,2.250952381,540,84.6169,9791.6,9.4,213.022,1
6/1/2009,2.537727273,585,84.4011,9852.4,9.5,214.79,1
7/1/2009,2.432608696,594,85.8299,9886.3,9.5,214.726,0
8/1/2009,2.471904762,586,86.8097,10004.1,9.6,215.445,0
9/1/2009,2.334545455,585,87.6987,9927.8,9.8,215.861,0
10/1/2009,2.327727273,534,87.7057,9976.7,10,216.509,0
11/1/2009,2.351904762,588,88.6429,9985.7,9.9,217.234,0
12/1/2009,2.597391304,581,88.5293,10052.6,9.9,217.347,0
1/1/2010,2.537142857,614,89.5694,10056.1,9.8,217.488,0
2/1/2010,2.6925,604,89.5897,10093.4,9.8,217.281,0
3/1/2010,2.768695652,636,90.8003,10156,9.9,217.353,0
4/1/2010,2.786363636,687,91.6306,10182.3,9.9,217.403,0
5/1/2010,2.466190476,583,92.8472,10210.8,9.6,217.29,0
6/1/2010,2.479545455,536,92.8513,10231.3,9.4,217.199,0
7/1/2010,2.285909091,546,93.3609,10268.1,9.4,217.605,0
8/1/2010,2.178181818,599,93.5501,10307.1,9.5,217.923,0
9/1/2010,2.069090909,594,93.6355,10327.1,9.5,218.275,0
10/1/2010,2.060952381,543,93.6834,10386.4,9.4,219.035,0
11/1/2010,2.099090909,545,93.7922,10433.6,9.8,219.59,0
12/1/2010,2.556521739,539,94.2651,10471,9.3,220.472,0
1/1/2011,2.647142857,630,94.3664,10514.3,9.1,221.187,0
2/1/2011,2.6635,517,94.5685,10540.6,9,221.898,0
3/1/2011,2.716956522,600,95.2124,10619.7,9,223.046,0
4/1/2011,2.590952381,554,94.6472,10652.1,9.1,224.093,0
5/1/2011,2.494545455,561,94.6682,10672.2,9,224.806,0
6/1/2011,2.591818182,608,94.7599,10694.8,9.1,224.806,0
7/1/2011,2.472857143,623,95.3321,10731.6,9,225.395,0
8/1/2011,2.072608696,585,95.7869,10750.3,9,226.106,0
9/1/2011,1.683636364,650,96.0685,10783.2,9,226.597,0
10/1/2011,1.782380952,610,96.587,10802.9,8.8,226.75,0
11/1/2011,1.6,711,96.4209,10806.8,8.6,227.169,0
12/1/2011,1.642727273,694,97.0218,10817.8,8.5,227.223,0
1/1/2012,1.569090909,723,97.9284,10896.8,8.3,227.842,0
2/1/2012,1.609047619,704,98.3492,10987.2,8.3,228.329,0
3/1/2012,1.828181818,695,97.8244,10993.9,8.2,228.807,0
4/1/2012,1.760952381,753,98.3617,11018.5,8.2,229.187,0
5/1/2012,1.452173913,708,98.0749,11006.8,8.2,228.713,0
6/1/2012,1.33047619,757,98.3996,10989.8,8.2,228.524,0
7/1/2012,1.220454545,740,98.263,11016.8,8.2,228.59,0
8/1/2012,1.409565217,754,98.1349,11056,8.1,229.918,0
9/1/2012,1.3945,847,97.9375,11105.3,7.8,231.015,0
10/1/2012,1.341304348,915,97.784,11137.4,7.8,231.638,0
11/1/2012,1.26,833,98.4044,11178.4,7.7,231.249,0
12/1/2012,1.392380952,976,99.1269,11181.2,7.9,231.221,0
1/1/2013,1.506086957,888,98.8816,11245.8,8,231.679,0
2/1/2013,1.631,962,99.366,11282.1,7.7,232.937,0
3/1/2013,1.62047619,1010,99.3249,11268.9,7.5,232.282,0
4/1/2013,1.526818182,835,98.9805,11259.3,7.6,231.797,0
5/1/2013,1.604782609,930,99.2802,11295.1,7.5,231.893,0
6/1/2013,1.9665,839,99.4436,11318.5,7.5,232.445,0
7/1/2013,2.143913043,880,98.5984,11346.8,7.3,232.9,0
8/1/2013,2.380909091,917,99.4279,11376.9,7.2,233.456,0
9/1/2013,2.290952381,850,99.4861,11413.9,7.2,233.544,0
10/1/2013,2.181304348,925,99.6678,11465.2,7.2,233.669,0
11/1/2013,2.184761905,1100,99.6727,11531.3,6.9,234.1,0
12/1/2013,2.445454545,1002,99.5066,11558.6,6.7,234.719,0
1/1/2014,2.25,888,98.4046,11543.7,6.6,235.288,0
2/1/2014,2.2635,944,99.3521,11615.4,6.7,235.547,0
3/1/2014,2.324285714,970,100.2411,11695.2,6.7,236.028,0
4/1/2014,2.184090909,1043,100.2186,11737.4,6.2,236.468,0
5/1/2014,2.071363636,1007,100.5074,11778.6,6.3,236.918,0
6/1/2014,2.146190476,911,100.841,11838,6.1,237.231,0
7/1/2014,1.947391304,1085,101.3987,11879.2,6.2,237.498,0
8/1/2014,1.947619048,984,100.8009,11958.8,6.1,237.46,0
9/1/2014,1.878181818,1023,100.8722,11964.9,5.9,237.477,0
10/1/2014,1.777826087,1074,100.7754,12035.5,5.7,237.43,0
11/1/2014,1.6185,1001,101.4676,12058.4,5.8,236.983,0
12/1/2014,1.503478261,1073,101.2936,12067.6,5.6,236.252,0
1/1/2015,1.209090909,1085,100.708,12036.5,5.7,234.747,0
2/1/2015,1.2885,886,99.9655,12083.1,5.5,235.342,0
3/1/2015,1.402272727,960,100.2806,12132.2,5.4,235.976,0
4/1/2015,1.395,1190,100.2455,12170.3,5.4,236.222,0
5/1/2015,1.512857143,1079,100.2375,12233.6,5.6,237.001,0
6/1/2015,1.675,1205,99.8551,12270.3,5.3,237.657,0
7/1/2015,1.584782609,1146,100.5954,12327.5,5.2,238.034,0
8/1/2015,1.46952381,1130,100.234,12359.3,5.1,238.033,0
9/1/2015,1.393181818,1224,100.0236,12356.4,5,237.498,0
10/1/2015,1.360454545,1058,99.8928,12362.3,5,237.733,0
11/1/2015,1.247142857,1172,99.578,12397.5,5.1,238.017,0
12/1/2015,1.205217391,1146,99.2995,12432.8,5,237.761,0
1/1/2016,1.072857143,1092,99.7502,12452.1,4.8,237.652,0
2/1/2016,0.996190476,1225,99.4265,12526.3,4.9,237.336,0
3/1/2016,0.97,1111,99.3601,12506.8,5,238.08,0
4/1/2016,1.037142857,1163,99.196,12586,5.1,238.992,0
5/1/2016,0.945,1148,99.115,12624.4,4.8,239.557,0
6/1/2016,0.912727273,1203,99.3614,12701.7,4.9,240.222,0
7/1/2016,0.791904762,1239,99.4487,12720.6,4.8,240.101,0
8/1/2016,0.819130435,1171,99.0922,12749.8,4.9,240.545,0
9/1/2016,0.820454545,1068,99.29,12806.8,5,241.176,0
10/1/2016,0.877619048,1313,99.4402,12828.1,4.9,241.741,0
11/1/2016,1.056818182,1140,99.332,12853.6,4.7,242.026,0
12/1/2016,1.236363636,1252,99.2912,12962.9,4.7,242.637,0
1/1/2017,1.114545455,1190,99.516,13020.4,4.7,243.618,0
2/1/2017,1.157,1271,99.5006,13038.6,4.6,244.006,0
3/1/2017,1.168695652,1190,99.2128,13089.3,4.4,243.892,0
4/1/2017,1.0035,1146,100.3682,13114.1,4.4,244.193,0
5/1/2017,0.95826087,1157,100.1552,13117.6,4.4,244.004,0
6/1/2017,0.844545455,1249,100.1335,13170.3,4.3,244.163,0
7/1/2017,0.90047619,1206,99.8331,13193.5,4.3,244.243,0
8/1/2017,0.873913043,1159,99.6166,13234.1,4.4,245.183,0
9/1/2017,0.778571429,1181,99.6582,13353.4,4.3,246.435,0
10/1/2017,0.773636364,1257,100.7491,13383.4,4.2,246.626,0
11/1/2017,0.626818182,1273,100.7789,13479.8,4.2,247.284,0
12/1/2017,0.531904762,1177,100.4778,13609,4.1,247.805,0
1/1/2018,0.503913043,1301,100.0893,13628.4,4,248.859,0
2/1/2018,0.6495,1279,101.1146,13668.3,4.1,249.529,0
3/1/2018,0.540909091,1324,101.205,13735.4,4,249.577,0
4/1/2018,0.484761905,1286,101.9431,13792.1,4,250.227,0
5/1/2018,0.445652174,1358,101.0712,13860.2,3.8,250.792,0
6/1/2018,0.379047619,1199,101.7339,13900.2,4,251.018,0
7/1/2018,0.269545455,1199,101.8353,13952.3,3.8,251.214,0
8/1/2018,0.253478261,1289,102.1497,14001.1,3.8,251.663,0
9/1/2018,0.2245,1247,102.1115,14013,3.7,252.182,0
10/1/2018,0.278695652,1220,101.7088,14096.5,3.8,252.772,0
11/1/2018,0.234545455,1177,101.2783,14160.6,3.8,252.594,0
12/1/2018,0.141428571,1089,101.4445,14051.7,3.9,252.767,0
1/1/2019,0.155652174,1232,100.6521,14090,4,252.718,0
2/1/2019,0.1635,1129,100.2042,14113.9,3.8,253.322,0
3/1/2019,0.161428571,1200,100.1091,14233.8,3.8,254.202,0
4/1/2019,0.179090909,1280,99.4866,14272.6,3.6,255.211,0
5/1/2019,0.180434783,1308,99.5509,14322.1,3.7,255.29,0
6/1/2019,0.26,1235,99.8517,14376.6,3.6,255.159,0
7/1/2019,0.214347826,1232,99.2399,14448.3,3.7,255.685,0
8/1/2019,0.055,1370,99.9127,14487,3.7,256.059,0
9/1/2019,0.049047619,1297,99.182,14511.2,3.5,256.511,0
10/1/2019,0.148695652,1328,98.4407,14554.2,3.6,257.244,0
11/1/2019,0.18047619,1343,99.115,14613.8,3.6,257.803,0
12/1/2019,0.238181818,1538,98.9808,14689.2,3.6,258.616,0
1/1/2020,0.217826087,1569,98.871,14728.8,3.5,259.037,0
2/1/2020,0.1645,1571,99.1914,14785.7,3.5,259.248,1
3/1/2020,0.421818182,1270,94.9624,13806,4.4,258.124,1
4/1/2020,0.413181818,938,80.3952,12082.4,14.7,256.092,1
5/1/2020,0.47952381,1055,83.9311,13129.4,13.2,255.868,0
6/1/2020,0.543636364,1269,90.2099,13937.5,11,256.986,0
7/1/2020,0.454782609,1510,93.5004,14230.1,10.2,258.278,0
8/1/2020,0.51047619,1376,94.8364,14352.8,8.4,259.411,0
9/1/2020,0.52,1461,94.8366,14583.3,7.9,260.029,0
10/1/2020,0.608636364,1530,95.8147,14626.1,6.9,260.286,0
11/1/2020,0.637142857,1541,96.358,14561,6.7,260.813,0
12/1/2020,0.763043478,1651,96.7461,14571.1,6.7,262.035,0
1/1/2021,0.85952381,1602,98.3236,14932.2,6.3,262.65,0
2/1/2021,1.0855,1430,94.7465,14843.2,6.2,263.638,0
3/1/2021,1.463913043,1711,97.723,15619.1,6.1,264.914,0
4/1/2021,1.471818182,1505,97.6707,15712.6,6.1,266.67,0
5/1/2021,1.396190476,1605,98.6103,15767.9,5.8,268.444,0
6/1/2021,1.316363636,1664,98.5774,15960.1,5.9,270.559,0
7/1/2021,1.049090909,1573,99.6776,16027.9,5.4,271.764,0
8/1/2021,1.065909091,1576,99.3527,16146,5.2,272.87,0
9/1/2021,1.082272727,1559,98.5784,16268,4.8,274.028,0
10/1/2021,1.133333333,1563,100.2511,16473.7,4.5,276.522,0
11/1/2021,0.955909091,1706,100.8291,16557.9,4.2,278.711,0
12/1/2021,0.750869565,1768,100.7976,16522.4,3.9,280.887,0
1/1/2022,0.746190476,1666,100.4851,16725.6,4,282.599,0
2/1/2022,0.474,1777,101.7173,16844.5,3.8,284.61,0
3/1/2022,0.21826087,1716,102.4339,17054.2,3.6,287.472,0
4/1/2022,0.19952381,1805,102.9031,17115.6,3.6,288.611,0
5/1/2022,0.268636364,1562,102.4763,17231.1,3.6,291.268,0
6/1/2022,0.138636364,1575,101.7132,17437.4,3.6,294.728,0
7/1/2022,-0.133333333,1377,102.1307,17420.3,3.5,294.628,0
8/1/2022,-0.352173913,1508,102.1622,17550.9,3.7,295.32,0
9/1/2022,-0.322272727,1465,102.1784,17656.8,3.5,296.539,0
10/1/2022,-0.372857143,1426,102.5286,17797.9,3.7,297.987,0
11/1/2022,-0.556818182,1419,101.6932,17778.8,3.6,298.598,0
12/1/2022,-0.641818182,1371,99.8911,17737.2,3.5,298.99,0
